"Day","Users","Average.Minutes.In.Game","Users.Class.Druid","Users.Class.Hunter","Users.Class.Mage","Users.Class.Paladin","Users.Class.Priest","Users.Class.Rogue","Users.Class.Shaman","Users.Class.Warlock","Users.Class.Warrior","Users.Class.Death Knight","Users.Race.Blood Elf","Users.Race.Orc","Users.Race.Tauren","Users.Race.Troll","Users.Race.Undead"
"01/01/2008",2512,205.171178343949,196,362,356,254,262,284,177,315,309,NA,777,253,510,295,677
"01/02/2008",2175,171.820689655172,171,305,310,213,244,219,151,285,280,NA,665,232,442,263,575
"01/03/2008",2079,160.957190957191,164,290,293,181,227,227,154,278,265,NA,622,215,432,259,551
"01/04/2008",2188,180.781535648995,164,307,309,219,243,241,160,274,272,NA,674,225,436,291,562
"01/05/2008",2424,215.350660066007,181,373,342,235,274,237,166,305,312,NA,774,254,499,300,598
"01/06/2008",2491,220.264953833802,202,354,349,252,280,250,175,321,310,NA,779,259,516,300,637
"01/07/2008",2238,173.445040214477,186,312,300,208,265,230,158,293,288,NA,680,236,465,265,593
"01/08/2008",2191,172.902784116842,168,316,313,222,255,222,148,280,267,NA,695,221,425,253,597
"01/09/2008",2216,165.663357400722,166,320,305,215,254,232,159,288,278,NA,688,232,450,256,590
"01/10/2008",1953,147.357910906298,148,293,281,190,212,205,147,239,238,NA,608,200,415,238,492
"01/11/2008",2274,172.471416007036,169,340,333,228,247,228,173,295,262,NA,735,234,454,282,569
"01/12/2008",2497,194.949939927914,189,373,356,240,280,255,190,313,303,NA,778,268,500,298,655
"01/13/2008",2571,209.922209257098,204,355,378,245,294,276,187,328,304,NA,799,249,519,310,694
"01/14/2008",2224,177.036870503597,184,315,302,211,261,233,170,270,281,NA,668,244,472,274,570
"01/15/2008",2273,169.177298724153,180,314,334,211,270,251,155,282,279,NA,719,231,456,265,603
"01/16/2008",2297,161.932956029604,175,326,327,223,264,248,169,301,265,NA,735,229,460,275,599
"01/17/2008",2127,164.616831217677,168,300,299,193,239,219,151,283,275,NA,670,210,447,251,549
"01/18/2008",2375,175.098947368421,180,341,334,222,267,255,158,307,311,NA,740,239,496,266,635
"01/19/2008",2474,203.629749393694,183,368,373,236,272,248,173,318,305,NA,809,251,487,295,633
"01/20/2008",2592,217.554012345679,203,373,388,247,283,284,175,335,306,NA,835,260,519,319,659
"01/21/2008",2313,179.433635970601,186,348,326,208,254,260,144,310,281,NA,763,230,453,270,599
"01/22/2008",2364,176.425549915398,180,343,337,226,265,270,161,290,293,NA,781,242,470,281,590
"01/23/2008",2355,170.475583864119,179,329,351,232,254,267,156,306,282,NA,770,219,458,273,636
"01/24/2008",1589,120.912523599748,123,237,233,162,174,163,103,211,183,NA,527,159,325,171,407
"01/25/2008",2306,182.098872506505,178,343,322,239,273,233,149,306,265,NA,778,220,462,259,588
"01/26/2008",2610,216.283524904215,204,385,384,267,289,261,176,337,308,NA,862,269,520,312,647
"01/27/2008",2658,209.811888638074,194,396,397,271,300,291,179,312,318,NA,858,272,526,327,675
"01/28/2008",2352,165.565476190476,186,364,344,238,251,235,149,296,289,NA,775,223,480,282,592
"01/29/2008",2343,173.060179257362,176,338,330,235,261,248,158,314,285,NA,785,231,473,272,583
"01/30/2008",2318,167.834339948231,165,336,349,225,254,235,171,312,276,NA,757,229,462,277,596
"01/31/2008",2104,150.841254752852,157,322,319,196,226,215,146,283,243,NA,688,209,422,248,539
"02/01/2008",2228,173.873429084381,150,330,334,217,248,243,149,295,262,NA,726,224,432,263,583
"02/02/2008",2455,200.488798370672,178,371,355,250,269,265,159,321,289,NA,821,246,486,289,616
"02/03/2008",2535,211.526627218935,194,379,377,238,280,252,176,316,324,NA,821,250,525,315,626
"02/04/2008",2266,172.555163283319,167,345,335,222,245,251,160,285,256,NA,751,226,435,268,587
"02/05/2008",2326,185.877042132416,175,377,331,229,255,254,142,308,256,NA,795,225,442,281,583
"02/06/2008",2230,188.076233183857,170,337,323,226,229,235,155,297,259,NA,762,216,435,253,564
"02/07/2008",1960,178.923469387755,142,299,282,211,208,208,133,252,226,NA,690,207,379,205,480
"02/08/2008",2158,198.85078776645,150,330,320,228,215,226,156,263,271,NA,736,204,445,220,553
"02/09/2008",2156,209.109461966605,155,320,321,227,221,231,140,275,268,NA,732,207,432,239,549
"02/10/2008",2313,208.651102464332,167,342,329,250,232,250,165,284,294,NA,773,231,463,263,583
"02/11/2008",2461,206.716781796018,183,363,363,247,261,250,160,321,318,NA,816,250,495,273,628
"02/12/2008",2244,174.808377896613,173,330,311,235,244,244,145,288,277,NA,767,216,444,257,561
"02/13/2008",2304,167.916666666667,189,344,338,234,246,228,152,291,284,NA,755,214,474,259,603
"02/14/2008",2070,149.657004830918,171,302,296,227,220,219,139,245,255,NA,706,191,424,225,525
"02/15/2008",2257,174.864864864865,178,345,298,228,260,230,156,299,263,NA,749,216,443,279,570
"02/16/2008",2487,202.295938882187,198,392,349,252,256,264,163,318,296,NA,857,243,500,290,598
"02/17/2008",2560,209.46875,197,393,354,263,279,273,165,324,314,NA,873,238,511,302,640
"02/18/2008",2318,173.175150992235,189,337,339,241,248,247,151,290,277,NA,806,207,458,282,565
"02/19/2008",2236,159.758497316637,175,324,335,214,246,238,139,300,266,NA,765,198,434,273,567
"02/20/2008",2266,170.353045013239,179,343,309,250,253,238,133,281,280,NA,777,224,444,257,565
"02/21/2008",2072,150.294401544402,153,306,298,206,238,211,131,276,254,NA,713,197,408,226,528
"02/22/2008",2231,176.4276109368,167,325,303,223,254,240,145,301,273,NA,724,211,431,267,598
"02/23/2008",2510,209.689243027888,185,380,348,262,264,275,162,333,302,NA,852,235,485,309,629
"02/24/2008",2647,212.111824707216,210,393,368,266,294,301,173,337,305,NA,868,249,514,323,693
"02/25/2008",2257,165.17501107665,167,348,323,215,245,238,159,296,267,NA,729,244,432,267,585
"02/26/2008",2333,165.473639091299,180,356,333,219,253,239,161,314,278,NA,781,239,446,284,583
"02/27/2008",2278,164.108867427568,177,352,310,225,259,237,149,320,249,NA,760,211,446,282,579
"02/28/2008",2422,185.516102394715,186,367,350,246,265,264,154,316,276,NA,820,226,473,285,618
"02/29/2008",2329,167.234864748819,193,332,328,246,255,243,159,303,271,NA,773,225,464,269,599
"03/01/2008",2562,202.064793130367,202,387,355,275,277,263,176,317,311,NA,852,263,502,303,642
"03/02/2008",2365,178.359408033827,182,347,333,253,261,256,160,287,287,NA,779,237,475,269,605
"03/03/2008",2238,162.475424486148,179,327,316,235,248,241,156,296,241,NA,781,207,432,247,571
"03/04/2008",2165,162.697459584296,187,310,305,218,230,234,140,280,261,NA,728,195,437,241,564
"03/05/2008",2269,157.117672983693,190,330,317,228,236,245,166,291,266,NA,736,242,448,263,580
"03/06/2008",2086,151.481303930968,179,316,278,218,212,218,129,273,263,NA,693,205,431,223,534
"03/07/2008",2243,165.7779759251,176,322,314,224,241,245,153,296,273,NA,754,207,449,267,566
"03/08/2008",2491,206.696105981534,189,361,346,247,272,265,186,327,300,NA,834,245,514,284,614
"03/09/2008",2617,209.541459686664,214,382,359,273,272,271,196,337,313,NA,872,263,547,303,633
"03/10/2008",2213,158.459105286941,179,305,304,215,243,221,165,299,283,NA,746,230,453,239,545
"03/11/2008",2184,162.586996336996,176,301,296,218,245,226,160,294,269,NA,723,221,436,252,552
"03/12/2008",2242,162.457627118644,182,311,303,223,254,255,156,282,280,NA,761,214,454,264,552
"03/13/2008",2105,154.194774346793,160,297,305,212,243,218,153,266,253,NA,735,204,410,252,505
"03/14/2008",2330,165.545064377682,181,336,314,222,269,247,171,308,284,NA,782,214,472,286,577
"03/15/2008",2510,200.083665338645,203,381,334,244,298,274,182,291,304,NA,833,225,525,309,618
"03/16/2008",2540,219.755905511811,199,356,349,253,297,260,184,326,317,NA,837,230,516,313,645
"03/17/2008",2305,159.206073752711,174,335,326,223,257,243,161,303,284,NA,752,239,453,274,587
"03/18/2008",2256,159.281914893617,173,317,297,228,260,238,160,310,273,NA,764,219,434,267,572
"03/19/2008",2231,161.107126848947,178,321,299,226,250,241,153,293,271,NA,728,231,432,271,569
"03/20/2008",2046,152.487781036168,179,289,270,208,229,221,136,268,246,NA,697,208,417,227,497
"03/21/2008",2208,171.345108695652,188,310,304,220,235,233,165,287,267,NA,727,215,467,254,547
"03/22/2008",2493,207.625350982752,199,378,341,247,275,270,174,320,289,NA,862,244,511,290,586
"03/23/2008",2553,205.162553858206,200,366,366,252,296,270,185,312,306,NA,843,247,517,307,639
"03/24/2008",2206,157.878513145966,177,317,307,213,257,235,146,289,265,NA,743,208,441,271,543
"03/25/2008",2150,163.46511627907,159,310,296,238,236,235,145,275,256,NA,763,204,424,256,503
"03/26/2008",2156,162.365491651206,176,313,295,221,240,227,147,269,269,NA,715,211,435,253,542
"03/27/2008",723,52.9183955739972,62,87,103,78,87,71,53,94,88,NA,256,55,157,82,173
"03/28/2008",1743,153.316121629375,148,248,258,189,194,178,111,205,212,NA,590,155,358,199,441
"03/29/2008",2405,216.070686070686,181,359,365,236,258,248,168,297,296,NA,829,219,480,266,612
"03/30/2008",2411,223.434259643302,182,344,363,236,267,252,173,298,297,NA,824,213,480,281,614
"03/31/2008",2123,172.788506829958,168,301,312,200,233,214,139,279,277,NA,707,208,431,239,539
"04/01/2008",2183,174.228126431516,160,314,319,210,252,232,142,285,269,NA,746,197,426,243,571
"04/02/2008",2158,172.354031510658,166,320,310,196,259,227,136,278,267,NA,711,204,428,252,564
"04/03/2008",737,55.8073270013569,61,99,118,74,83,77,49,95,81,NA,265,61,148,76,187
"04/07/2008",1773,132.961082910321,142,246,262,171,198,172,122,220,240,NA,582,179,366,196,450
"04/08/2008",2042,165.812928501469,171,283,301,187,222,212,134,269,263,NA,625,207,414,236,560
"04/09/2008",2028,162.716962524655,171,275,281,182,243,213,144,258,263,NA,653,204,416,242,513
"04/10/2008",1906,148.263378803778,153,264,274,189,217,189,134,237,249,NA,622,200,390,223,471
"04/11/2008",2057,166.650461837628,148,293,286,194,244,221,148,267,257,NA,664,214,382,247,550
"04/12/2008",2300,195.278260869565,187,323,330,222,258,243,162,304,271,NA,756,230,475,255,584
"04/13/2008",2483,205.888038662908,199,348,350,232,285,274,166,320,310,NA,818,263,498,279,626
"04/14/2008",2080,164.658653846154,176,276,303,199,256,222,133,255,261,NA,689,198,422,229,544
"04/15/2008",1989,162.463549522373,152,280,292,179,218,218,140,255,255,NA,639,188,419,231,512
"04/16/2008",2006,166.984047856431,158,288,281,183,207,227,143,252,267,NA,626,204,414,253,509
"04/17/2008",1882,157.438894792774,157,268,265,180,215,205,128,228,236,NA,598,199,389,218,478
"04/18/2008",2017,167.570649479425,175,294,263,193,216,222,146,247,262,NA,634,215,429,246,493
"04/19/2008",2206,201.541251133273,188,307,322,204,247,225,150,280,283,NA,738,211,461,258,538
"04/20/2008",2405,203.264033264033,197,345,341,242,259,248,163,304,306,NA,795,242,502,289,577
"04/21/2008",2066,161.239109390126,176,294,309,194,223,233,124,266,248,NA,699,197,414,246,510
"04/22/2008",2052,158.479532163743,180,295,311,185,231,215,133,260,244,NA,676,205,430,243,498
"04/23/2008",2032,158.021653543307,182,292,277,188,234,224,135,242,259,NA,637,212,444,237,502
"04/24/2008",1902,156.703470031546,158,279,270,183,212,205,121,234,240,NA,622,200,390,239,451
"04/25/2008",2032,162.726377952756,178,293,276,191,229,227,131,248,262,NA,654,213,419,244,503
"04/26/2008",2307,201.395752058951,188,344,325,225,244,243,161,289,289,NA,763,235,478,278,553
"04/27/2008",2374,205.151642796967,194,355,330,227,252,259,168,310,281,NA,764,247,494,278,592
"04/28/2008",2080,157.240384615385,172,305,295,194,240,221,137,275,243,NA,675,205,420,252,528
"04/29/2008",2103,153.533048026629,177,298,270,203,251,227,138,286,253,NA,680,214,435,241,533
"04/30/2008",1341,114.817300521999,103,188,179,130,153,138,98,189,163,NA,449,149,261,150,332
"05/06/2008",1507,119.575315195753,130,214,211,149,168,152,92,205,186,NA,497,153,314,165,378
"05/07/2008",2047,145.310210063508,172,298,271,205,235,222,132,260,252,NA,671,194,417,260,505
"05/08/2008",1842,143.219326818675,159,248,256,175,206,190,121,249,238,NA,602,181,395,213,451
"05/09/2008",2043,155.7317670093,174,287,291,190,229,220,139,264,249,NA,676,202,431,258,478
"05/10/2008",2262,194.960212201592,196,316,301,217,263,250,156,299,264,NA,753,213,488,252,556
"05/11/2008",2308,187.491334488735,200,331,326,209,262,258,162,290,271,NA,745,235,491,263,574
"05/12/2008",1970,154.710659898477,169,269,262,201,230,215,139,240,245,NA,649,196,416,239,470
"05/13/2008",1932,151.526915113872,168,269,252,181,210,218,134,255,245,NA,626,207,423,212,464
"05/14/2008",2057,148.123480797278,176,278,285,190,232,243,153,253,247,NA,685,190,449,239,494
"05/15/2008",1815,134.898071625344,151,248,252,185,207,194,124,224,230,NA,614,179,380,185,458
"05/16/2008",1357,111.812822402358,127,179,182,131,157,162,83,176,161,NA,463,135,292,148,320
"05/19/2008",1693,144.105138806852,145,251,228,154,189,191,118,227,190,NA,568,168,369,190,398
"05/20/2008",2035,142.34398034398,158,295,279,197,239,226,139,253,249,NA,703,210,419,233,470
"05/21/2008",1927,151.748832381941,159,279,256,188,226,205,138,248,228,NA,648,198,407,221,454
"05/22/2008",1802,142.297447280799,152,267,241,169,207,189,121,242,214,NA,622,184,379,203,414
"05/23/2008",1954,164.631525076766,156,282,285,199,221,205,130,250,227,NA,677,195,401,223,459
"05/24/2008",2173,192.42982052462,184,329,308,214,246,219,141,275,257,NA,764,230,450,242,487
"05/25/2008",2229,205.383580080754,189,335,297,216,247,232,157,271,285,NA,754,231,474,273,497
"05/26/2008",1926,154.84942886812,167,268,250,191,232,206,142,233,240,NA,663,190,419,226,428
"05/27/2008",1907,154.840062926062,176,265,246,191,203,198,144,241,245,NA,634,187,435,233,418
"05/28/2008",1931,148.270326255826,166,263,272,185,225,189,141,243,247,NA,634,197,416,231,453
"05/29/2008",1843,141.730873575692,148,241,249,186,203,194,140,241,241,NA,622,183,397,203,438
"05/30/2008",1936,157.789256198347,169,242,285,187,212,215,151,243,237,NA,638,196,420,215,470
"05/31/2008",2204,188.901996370236,195,303,310,220,235,243,157,279,262,NA,744,221,464,250,526
"06/01/2008",2304,192.296006944444,181,324,318,235,262,245,170,274,296,NA,776,234,477,274,543
"06/02/2008",1972,150.755578093306,173,264,283,194,238,207,142,239,233,NA,650,187,428,238,470
"06/03/2008",2018,158.439048562934,168,279,274,187,242,204,147,263,254,NA,670,183,442,241,482
"06/04/2008",2001,145.857071464268,169,286,257,205,233,210,135,262,248,NA,670,195,424,222,492
"06/05/2008",1810,151,162,247,239,180,209,173,138,229,234,NA,589,191,411,204,415
"06/06/2008",1982,150.867810292634,167,265,274,209,222,204,143,249,249,NA,675,200,419,228,461
"06/07/2008",2153,191.124013005109,171,312,294,212,246,233,159,259,269,NA,741,207,454,259,493
"06/08/2008",2308,191.750433275563,207,317,311,230,256,235,179,297,276,NA,769,228,511,262,538
"06/09/2008",1919,161.099531005732,169,264,247,198,233,188,139,245,238,NA,640,175,433,220,452
"06/10/2008",1902,146.419558359621,170,239,246,191,218,185,152,245,257,NA,610,196,424,216,458
"06/11/2008",1904,147.668067226891,162,251,261,192,231,191,146,218,252,NA,640,195,410,215,444
"06/12/2008",1771,147.481648785997,170,220,252,183,204,159,137,221,225,NA,590,173,400,189,419
"06/13/2008",672,69.0922619047619,56,85,92,70,80,66,56,76,91,NA,248,68,147,59,150
"06/18/2008",1725,127.234782608696,165,237,209,178,200,174,123,212,229,NA,578,166,393,218,372
"06/19/2008",1721,139.192330040674,149,225,228,178,198,182,125,219,218,NA,606,162,370,201,382
"06/20/2008",1914,148.735632183908,164,235,249,198,226,194,154,247,248,NA,649,198,417,216,435
"06/21/2008",2121,198.849599245639,180,277,293,215,240,229,157,274,257,NA,709,210,452,257,494
"06/22/2008",866,87.1016166281755,73,99,123,87,120,82,64,106,112,NA,304,78,183,99,202
"06/23/2008",1249,107.461969575661,119,166,178,126,129,116,103,151,161,NA,413,127,293,131,285
"06/24/2008",1862,140.977443609023,152,241,239,191,219,200,149,231,240,NA,634,173,398,227,430
"06/25/2008",1906,142.539349422875,155,262,265,190,219,193,148,252,223,NA,633,166,404,240,463
"06/26/2008",1862,135.875402792696,151,238,229,195,219,207,143,239,241,NA,619,203,413,216,411
"06/27/2008",1974,154.022289766971,162,264,279,186,233,215,156,234,247,NA,664,212,436,223,439
"06/28/2008",2124,201.374764595104,183,283,275,210,241,232,170,256,274,NA,695,219,483,252,476
"06/29/2008",2158,188.493975903614,196,273,296,202,241,231,176,264,281,NA,719,201,494,242,502
"06/30/2008",1899,156.882569773565,168,251,265,192,214,203,156,225,227,NA,649,175,425,215,435
"07/01/2008",1898,155.521601685985,166,249,254,192,211,188,150,249,240,NA,639,198,414,223,425
"07/02/2008",1846,149.815817984832,168,241,241,186,215,183,133,223,256,NA,635,183,416,189,423
"07/03/2008",1730,131.872832369942,154,219,244,176,205,182,126,213,212,NA,600,162,376,187,407
"07/04/2008",1869,158.138041733547,159,246,259,205,216,183,143,219,239,NA,656,190,396,208,419
"07/05/2008",1986,177.381671701913,169,260,270,217,222,219,152,246,232,NA,686,180,433,224,463
"07/06/2008",2090,186.263157894737,189,280,272,217,242,218,164,266,242,NA,695,198,456,235,506
"07/07/2008",1816,158.359030837004,164,233,246,181,220,187,140,222,224,NA,603,179,393,218,424
"07/08/2008",1842,145.781758957655,168,233,256,191,205,192,141,235,222,NA,641,177,391,206,428
"07/09/2008",1825,155.435616438356,161,237,255,192,199,190,143,222,226,NA,626,180,393,208,418
"07/10/2008",1697,136.33470830878,160,214,227,191,188,166,119,210,223,NA,579,165,379,191,384
"07/11/2008",1865,160.605898123324,171,235,257,198,233,187,143,215,227,NA,641,162,398,221,443
"07/12/2008",2031,173.274249138355,190,281,274,204,224,202,138,253,265,NA,683,204,458,231,455
"07/13/2008",2137,186.055217594759,172,289,312,217,237,222,164,259,265,NA,713,217,440,278,489
"07/14/2008",1897,147.68581971534,162,249,246,208,236,186,146,230,236,NA,676,176,409,222,414
"07/15/2008",1858,150.43057050592,161,254,246,192,208,177,144,251,227,NA,647,185,402,203,421
"07/16/2008",1826,137.825848849945,162,247,254,184,196,192,138,239,215,NA,621,171,396,229,410
"07/17/2008",1717,130.29702970297,155,224,227,163,200,178,136,224,210,NA,587,160,385,193,393
"07/18/2008",1941,173.549716640907,175,266,264,197,230,186,146,248,229,NA,666,192,430,210,443
"07/19/2008",2012,179.761431411531,176,276,266,200,248,190,165,249,242,NA,672,185,462,237,456
"07/20/2008",2029,183.873829472647,189,281,270,200,245,193,158,257,236,NA,677,202,465,229,456
"07/21/2008",1850,151.859459459459,166,231,256,179,227,199,139,232,221,NA,632,168,406,214,430
"07/22/2008",1940,133.484536082474,161,243,245,214,235,208,143,251,242,NA,685,177,413,212,453
"07/23/2008",1819,151.53930731171,156,228,249,182,215,183,151,237,219,NA,607,170,396,208,439
"07/24/2008",1641,148.153564899452,153,203,233,178,193,157,128,200,196,NA,564,159,361,177,380
"07/25/2008",1853,158.181327576902,162,228,265,185,208,201,137,228,240,NA,625,179,401,215,433
"07/26/2008",1998,182.187187187187,180,272,282,200,216,209,154,244,243,NA,676,215,437,228,442
"07/27/2008",2129,189.459840300611,185,307,296,209,237,234,167,245,250,NA,689,211,472,253,505
"07/28/2008",1890,170.751322751323,160,259,267,171,210,201,154,248,222,NA,621,197,413,214,446
"07/29/2008",1933,154.055871702018,170,261,252,196,205,192,150,265,242,NA,658,197,420,221,437
"07/30/2008",1865,155.69436997319,169,254,255,177,214,206,146,222,222,NA,613,192,412,222,426
"07/31/2008",1718,148.4924330617,153,221,234,162,194,209,125,217,203,NA,593,173,364,184,404
"08/01/2008",1789,155.7629960872,157,229,237,181,196,204,131,228,226,NA,594,164,393,213,426
"08/02/2008",1982,179.677093844601,176,265,275,203,208,234,144,244,233,NA,675,195,434,230,448
"08/03/2008",1961,182.72310045895,176,280,272,184,210,221,151,239,228,NA,633,202,432,231,463
"08/04/2008",1755,137.954415954416,133,237,243,167,197,192,144,233,209,NA,594,172,373,192,424
"08/05/2008",1778,148.228346456693,150,241,250,178,199,195,126,232,209,NA,607,194,360,184,435
"08/06/2008",1770,150.050847457627,144,252,250,162,191,202,135,241,193,NA,586,179,362,212,431
"08/07/2008",1616,130.866336633663,139,232,229,161,174,163,117,219,184,NA,539,140,352,190,395
"08/08/2008",1639,148.828553996339,150,218,225,161,169,180,114,221,201,NA,551,154,360,188,387
"08/09/2008",1863,182.517444981213,179,253,263,178,196,198,140,241,217,NA,617,180,409,217,440
"08/10/2008",1983,174.891578416541,190,273,267,172,205,211,160,270,235,NA,628,197,453,242,463
"08/11/2008",1804,150.343680709534,161,239,244,165,186,215,144,241,211,NA,579,202,391,204,431
"08/12/2008",1793,152.849972113776,145,232,246,175,180,255,132,231,198,NA,604,205,352,214,419
"08/13/2008",1801,141.06052193226,138,244,244,176,190,252,138,219,201,NA,588,216,373,210,415
"08/14/2008",1564,141.93094629156,141,214,224,151,153,187,127,198,170,NA,522,150,339,185,369
"08/15/2008",1758,159.937428896473,149,237,236,173,184,202,135,227,217,NA,597,166,374,210,412
"08/16/2008",2011,173.257086026852,169,283,287,188,216,214,174,242,238,NA,633,207,429,267,475
"08/17/2008",1972,178.80831643002,165,275,266,199,207,197,168,260,238,NA,645,194,430,239,465
"08/18/2008",1737,149.101899827288,148,233,252,176,179,180,143,214,215,NA,568,179,371,205,417
"08/19/2008",1717,142.073383808969,148,222,251,163,197,180,119,229,209,NA,573,169,360,201,415
"08/20/2008",1711,141.542957334892,139,224,244,159,187,188,140,225,206,NA,536,167,362,206,441
"08/21/2008",1617,131.78107606679,144,220,239,150,170,191,116,205,182,NA,521,148,345,184,419
"08/22/2008",1733,160.525100980958,146,246,230,173,194,191,128,213,212,NA,595,165,375,192,406
"08/23/2008",1929,170.181441161223,162,265,256,189,219,216,147,241,234,NA,647,175,417,230,460
"08/24/2008",1972,173.889452332657,164,281,282,192,224,205,141,243,240,NA,670,178,424,236,464
"08/25/2008",1767,144.895302773062,149,237,244,171,180,201,126,237,222,NA,584,178,364,199,443
"08/26/2008",1633,129.387630128598,140,211,225,164,174,189,120,217,193,NA,525,169,336,182,421
"08/27/2008",1774,138.26381059752,133,246,257,170,193,225,132,211,207,NA,579,218,354,205,418
"08/28/2008",1693,132.823390431187,150,225,240,156,192,220,117,198,195,NA,558,188,367,182,398
"08/29/2008",1717,150.401863715783,146,254,228,172,180,202,119,217,199,NA,560,174,366,189,428
"08/30/2008",1935,175.095607235142,164,277,255,212,198,192,125,262,252,NA,662,180,411,222,461
"08/31/2008",2007,174.618834080717,164,288,266,207,219,222,148,247,246,NA,688,195,419,247,458
"09/01/2008",1689,141.278863232682,136,240,219,165,192,190,128,210,209,NA,568,166,359,183,413
"09/02/2008",1730,134.630057803468,153,238,240,175,186,189,124,222,203,NA,591,161,362,194,422
"09/03/2008",1725,138.284057971015,151,246,233,180,172,185,123,231,204,NA,590,152,368,198,417
"09/04/2008",1543,140.162022034997,132,212,205,160,163,178,112,197,184,NA,544,133,332,165,369
"09/05/2008",1763,138.372093023256,133,249,220,184,193,216,123,228,217,NA,599,165,360,191,448
"09/06/2008",1831,168.121245221191,140,262,226,203,196,204,140,251,209,NA,641,172,371,212,435
"09/07/2008",1951,172.511532547412,158,284,239,200,207,237,131,278,217,NA,680,191,399,215,467
"09/08/2008",1680,131.613095238095,141,239,222,165,179,188,138,216,192,NA,584,161,352,191,392
"09/09/2008",1630,137.699386503067,143,222,215,160,182,189,119,216,184,NA,593,147,337,175,378
"09/10/2008",1674,141.774193548387,144,222,234,159,171,185,133,232,196,NA,585,167,339,196,388
"09/11/2008",1560,133.557692307692,135,228,203,154,161,184,112,195,188,NA,543,159,330,182,346
"09/12/2008",1711,146.586791350088,159,227,224,181,163,185,129,224,219,NA,597,156,372,186,400
"09/13/2008",2031,176.4451009355,177,272,275,213,206,225,136,280,247,NA,723,188,432,208,480
"09/14/2008",2100,179.642857142857,168,310,287,199,215,222,151,285,266,NA,729,199,444,233,496
"09/15/2008",1779,150.803822372119,164,240,232,165,184,209,151,227,207,NA,601,177,380,208,413
"09/16/2008",1706,136.928487690504,169,237,228,163,185,194,126,211,197,NA,591,178,363,172,405
"09/17/2008",1713,136.97606538237,150,235,223,164,187,195,139,224,196,NA,576,159,374,190,414
"09/18/2008",1489,127.306917394224,141,212,193,141,139,171,118,211,163,NA,504,147,314,158,366
"09/19/2008",1713,148.417980151781,163,222,223,186,167,196,123,214,220,NA,592,160,384,173,404
"09/20/2008",1913,172.760062728698,173,275,248,202,190,200,146,236,243,NA,677,174,429,205,428
"09/21/2008",1985,161.244332493703,164,282,268,200,197,213,144,270,247,NA,713,182,417,229,444
"09/22/2008",1687,140.462359217546,156,239,226,171,161,198,118,222,197,NA,592,144,377,189,386
"09/23/2008",1694,129.39787485242,154,226,230,164,175,199,130,215,204,NA,604,147,375,183,386
"09/24/2008",1647,126.527018822101,150,237,237,162,163,180,120,203,196,NA,587,147,361,179,373
"09/25/2008",1487,125.158036314728,139,208,223,159,152,169,106,171,162,NA,549,127,307,170,336
"09/26/2008",1719,135.549738219895,141,246,234,181,183,186,126,217,205,NA,617,165,366,189,382
"09/27/2008",1954,165.03582395087,164,275,264,205,186,226,152,252,231,NA,700,180,413,222,439
"09/28/2008",2187,190.781893004115,194,325,288,213,226,231,165,306,239,NA,759,199,471,249,509
"09/29/2008",2077,181.189215214251,180,302,278,204,210,244,161,268,230,NA,744,180,441,235,477
"09/30/2008",1621,140.579888957434,135,240,228,168,172,177,118,197,188,NA,601,135,353,176,356
"10/01/2008",1689,130.740082889284,144,246,237,175,187,193,118,214,175,NA,624,162,342,180,381
"10/02/2008",1536,129.733072916667,140,224,210,147,174,156,117,200,168,NA,571,145,325,156,339
"10/03/2008",1705,140.175953079179,161,247,235,171,174,192,123,222,184,NA,634,157,360,187,371
"10/04/2008",1787,180.900951315053,158,270,246,186,186,191,122,225,203,NA,653,166,375,192,401
"10/05/2008",1783,149.994391475042,167,266,245,181,189,181,136,216,202,NA,623,168,376,209,407
"10/06/2008",1586,132.465321563682,136,237,216,157,173,172,114,190,191,NA,580,156,322,187,341
"10/07/2008",1720,127.802325581395,138,256,242,149,170,188,141,212,224,NA,569,207,323,269,353
"10/08/2008",3159,81.9088319088319,153,467,299,160,232,344,360,269,885,NA,589,818,368,1020,368
"10/09/2008",2446,86.4309076042518,127,342,243,167,179,282,285,237,586,NA,535,596,307,687,322
"10/10/2008",2315,133.736501079914,157,372,273,190,203,234,218,243,426,NA,656,407,364,489,402
"10/11/2008",1607,106.397013067828,132,244,216,139,147,161,132,182,255,NA,518,220,301,264,304
"10/12/2008",2408,126.72342192691,161,328,293,192,202,255,228,259,491,NA,668,440,384,505,412
"10/13/2008",2028,100.764299802761,121,278,242,150,172,208,215,218,425,NA,563,411,302,436,317
"10/14/2008",1749,110.863350485992,126,261,206,138,157,186,160,183,333,NA,535,292,309,315,299
"10/15/2008",1623,103.863216266174,131,234,198,142,158,158,136,186,281,NA,521,237,306,255,305
"10/16/2008",1620,101.148148148148,122,236,193,125,154,174,163,163,291,NA,468,261,278,301,313
"10/17/2008",1685,123.66765578635,139,258,203,152,177,172,134,194,259,NA,584,207,307,271,317
"10/18/2008",1870,152.55614973262,148,269,251,201,197,201,151,210,244,NA,688,195,353,263,372
"10/19/2008",1888,161.599576271186,138,290,246,186,189,215,137,233,254,NA,659,221,337,273,398
"10/20/2008",1585,123.804416403785,122,234,211,162,160,178,130,178,212,NA,545,181,309,225,326
"10/21/2008",1564,122.340153452685,133,229,211,150,160,155,123,191,213,NA,550,166,330,186,332
"10/22/2008",1569,123.384321223709,128,235,209,149,164,156,120,184,224,NA,564,191,307,193,314
"10/23/2008",1078,50.4916512059369,88,164,133,86,98,101,107,114,187,NA,295,175,224,165,219
"10/24/2008",1970,117.984771573604,170,315,235,200,187,196,164,234,269,NA,613,238,419,265,435
"10/25/2008",2119,156.271826333176,175,341,273,238,199,223,159,246,269,NA,733,228,440,262,459
"10/26/2008",2137,165.99438465138,182,335,279,235,216,206,149,265,270,NA,741,217,431,268,480
"10/27/2008",1860,135.483870967742,162,295,256,194,178,186,137,238,214,NA,632,177,391,236,424
"10/28/2008",1754,116.18015963512,155,281,233,184,182,159,127,213,220,NA,594,187,365,207,401
"10/29/2008",1676,107.935560859189,158,251,227,184,175,149,127,206,199,NA,550,174,373,201,378
"10/30/2008",1590,102.245283018868,153,244,200,181,161,154,119,181,197,NA,523,167,355,199,346
"10/31/2008",1709,121.977764774722,157,260,224,202,155,168,140,198,205,NA,581,172,370,209,377
"11/01/2008",1892,123.488372093023,178,302,232,223,178,194,149,202,235,NA,594,205,416,234,443
"11/02/2008",1964,130.310590631365,170,302,239,216,176,200,164,215,282,NA,605,212,420,281,447
"11/03/2008",1645,98.9969604863222,152,243,200,193,157,157,140,178,225,NA,485,189,360,235,376
"11/04/2008",1615,108.123839009288,139,249,210,180,169,150,131,176,211,NA,509,172,347,216,372
"11/05/2008",1587,93.3648393194707,128,256,198,185,162,146,119,189,204,NA,540,175,316,207,349
"11/06/2008",1366,78.9824304538799,118,202,185,175,130,122,95,160,179,NA,470,142,285,147,322
"11/07/2008",1623,99.1866913123845,138,262,212,188,156,160,106,196,205,NA,575,170,336,193,349
"11/08/2008",1908,115.031446540881,161,308,239,211,185,183,154,232,235,NA,647,214,387,246,414
"11/09/2008",1891,119.476467477525,161,287,271,205,179,191,137,226,234,NA,654,192,385,222,438
"11/10/2008",1711,90.3682057276446,151,285,234,174,157,163,123,195,231,NA,583,190,344,236,358
"11/11/2008",1598,92.4217772215269,133,255,205,174,152,153,130,187,210,NA,552,178,328,197,344
"11/12/2008",1594,97.4466750313676,114,249,223,179,152,160,116,194,208,NA,562,175,302,198,359
"11/13/2008",1459,85.0993831391364,113,230,199,171,148,133,107,177,182,NA,515,147,306,158,334
"11/14/2008",1514,88.0184940554822,134,237,208,174,141,155,107,163,195,NA,536,144,319,178,337
"11/15/2008",1820,109.395604395604,148,298,237,216,175,178,135,202,231,NA,623,194,364,225,414
"11/16/2008",1933,111.577858251423,155,292,265,236,180,187,131,235,252,NA,678,198,378,261,418
"11/17/2008",1651,88.7825560266505,128,261,224,205,159,149,123,198,208,NA,585,179,320,206,364
"11/18/2008",569,43.9191564147627,41,79,70,79,61,48,53,80,58,NA,211,60,107,69,122
"11/19/2008",1558,111.540436456996,91,177,175,128,115,99,82,132,161,403,614,175,313,141,318
"11/20/2008",1640,90.4024390243902,90,190,177,132,115,106,80,145,157,448,653,162,317,158,353
"11/21/2008",1910,128.120418848168,109,235,195,149,140,134,91,183,182,497,782,196,337,193,407
"11/22/2008",2033,150.467289719626,118,243,232,165,154,136,102,188,185,510,829,213,373,208,412
"11/23/2008",2507,140.522536896689,153,289,276,216,204,171,134,244,226,599,1041,255,453,247,515
"11/24/2008",1983,131.628845184065,119,229,212,145,174,135,99,209,212,449,783,197,372,205,429
"11/25/2008",1862,128.668098818475,105,201,231,156,144,124,100,199,183,420,760,178,337,180,409
"11/26/2008",1761,111.68086314594,104,194,213,148,149,112,103,184,168,387,723,180,329,156,374
"11/27/2008",1492,86.5817694369973,83,183,166,128,129,102,79,149,126,347,616,155,276,131,314
"11/28/2008",1877,134.954714970698,110,221,229,153,158,131,96,189,173,417,766,182,358,163,408
"11/29/2008",2160,133.990740740741,121,271,238,178,171,134,140,223,215,470,843,265,406,218,430
"11/30/2008",2119,161.618688060406,117,266,248,176,185,155,110,209,191,462,854,212,386,232,437
"12/01/2008",1855,131.320754716981,113,235,205,144,169,135,101,181,168,405,723,185,351,186,411
"12/02/2008",1846,130.807150595883,106,228,237,146,158,142,105,187,163,375,700,186,345,187,429
"12/03/2008",1838,119.30359085963,110,236,232,157,149,128,118,174,163,372,711,187,345,204,391
"12/04/2008",1736,101.658986175115,102,223,206,140,150,125,95,170,165,361,680,176,329,179,373
"12/05/2008",1719,117.847585805701,110,213,189,158,148,103,99,169,160,370,685,172,342,162,359
"12/06/2008",2139,157.185600748013,148,281,225,174,187,157,132,203,206,428,819,221,425,233,441
"12/07/2008",2186,159.560841720037,135,291,243,179,195,161,125,216,214,427,846,216,415,242,467
"12/08/2008",1811,115.069022639426,121,247,193,136,168,139,91,166,187,364,683,183,360,197,389
"12/09/2008",1651,111.350696547547,115,216,172,139,156,114,84,160,172,325,637,174,315,166,359
"12/10/2008",1769,130.8027133974,124,223,198,147,165,131,95,180,176,331,703,178,332,188,370
"12/11/2008",1690,121.289940828402,111,219,188,139,152,135,89,174,166,319,656,164,322,182,368
"12/12/2008",1863,129.855072463768,125,253,206,158,171,120,93,190,190,358,726,174,368,202,394
"12/13/2008",2044,157.22602739726,116,255,235,189,188,158,119,206,210,369,801,214,370,216,445
"12/14/2008",2092,159.34034416826,148,270,220,183,187,155,110,210,219,390,819,211,403,226,434
"12/15/2008",1862,127.303974221267,127,234,209,169,170,127,105,187,192,342,738,185,358,186,395
"12/16/2008",1871,129.812934259754,115,237,212,173,180,130,114,191,179,340,738,189,353,198,393
"12/17/2008",1897,132.999472851871,130,247,207,185,170,139,114,182,192,332,749,194,374,209,372
"12/18/2008",1723,118.845037724898,110,218,197,154,169,121,104,174,162,314,676,165,350,166,366
"12/19/2008",1878,133.045793397231,119,241,228,156,174,139,112,194,186,329,715,180,372,198,415
"12/20/2008",1995,144.611528822055,132,268,227,188,182,135,112,193,192,366,794,205,389,217,390
"12/21/2008",1886,118.700954400848,130,269,209,176,159,120,106,201,189,327,732,182,383,197,393
"12/22/2008",1802,113.435072142064,124,233,206,167,173,122,110,180,176,313,678,179,368,182,397
"12/23/2008",1824,131.672149122807,122,234,210,156,178,131,98,184,196,316,696,177,355,199,398
"12/24/2008",1810,130.762430939227,116,244,194,159,172,135,110,181,173,326,699,182,341,194,394
"12/25/2008",1763,112.728304027226,127,244,200,142,172,123,102,180,155,319,681,187,352,185,358
"12/26/2008",1888,126.212923728814,127,257,219,175,183,138,103,188,177,321,734,189,363,201,401
"12/27/2008",2075,153.397590361446,139,292,229,175,184,159,130,205,220,342,781,216,413,226,439
"12/28/2008",2084,157.975047984645,131,283,252,185,200,155,117,202,208,352,810,191,396,244,443
"12/29/2008",1873,127.554725040043,137,238,214,171,183,142,109,176,185,318,710,182,375,199,408
"12/30/2008",1894,130.44878563886,132,241,208,184,190,145,116,177,176,325,750,174,376,195,399
"12/31/2008",1809,123.996683250415,122,238,202,164,177,143,105,176,173,309,692,186,347,197,387
